<?xml version="1.0" encoding="utf-8"?> 
<contactlist>

	<contact>
		<name>Alice</name>
		<phonelist>
			<phone>
				<phtype>Home</phtype>
				<phnumber>07700 900013</phnumber>
			</phone>
			<phone>
				<phtype>Mobile</phtype>
				<phnumber>07700 900140</phnumber>
			</phone>
		</phonelist>  
        <emaillist>
            <email>
                <emailtype>Personal</emailtype>
                <emailadd>alice@gmail.com</emailadd>
            </email>
            <email>
                <emailtype>Work</emailtype>
                <emailadd>alice@abertay.ac.uk</emailadd>
            </email>
        </emaillist>
	</contact>

	<contact>
		<name>Bill</name>
		<phonelist>
			<phone>
				<phtype>Home</phtype>
				<phnumber>07700 900557</phnumber>
			</phone>
			<phone>
				<phtype>Mobile</phtype>
				<phnumber>07700 900831</phnumber>
			</phone>
		</phonelist>
                <emaillist>
            <email>
                <emailtype>Personal</emailtype>
                <emailadd>bill@gmail.com</emailadd>
            </email>
            <email>
                <emailtype>Work</emailtype>
                <emailadd>bill@abertay.ac.uk</emailadd>
            </email>
        </emaillist>
	</contact>
	
	<contact>
	<name>Carol</name>
		<phonelist>
			<phone>
				<phtype>Home</phtype>
				<phnumber>07700 900511</phnumber>
			</phone>
			<phone>
				<phtype>Mobile</phtype>
				<phnumber>07700 900509</phnumber>
			</phone>
		</phonelist>
                <emaillist>
            <email>
                <emailtype>Personal</emailtype>
                <emailadd>carol@gmail.com</emailadd>
            </email>
            <email>
                <emailtype>Work</emailtype>
                <emailadd>carol@abertay.ac.uk</emailadd>
            </email>
        </emaillist>
	</contact> 

	<contact>
		<name>Dave</name>
		<phonelist>
			<phone>
				<phtype>Home</phtype>
				<phnumber>01377 783651</phnumber>
			</phone>
            <phone>
                <phtype>Mobile</phtype>
                <phnumber>01377 4083736</phnumber>
            </phone>
		</phonelist>
                <emaillist>
            <email>
                <emailtype>Personal</emailtype>
                <emailadd>dave@gmail.com</emailadd>
            </email>
            <email>
                <emailtype>Work</emailtype>
                <emailadd>dave@abertay.ac.uk</emailadd>
            </email>
        </emaillist>
	</contact>
    
    	<contact>
		<name>Lucy</name>
		<phonelist>
			<phone>
				<phtype>Home</phtype>
				<phnumber>01377 064839</phnumber>
			</phone>
			<phone>
				<phtype>Mobile</phtype>
				<phnumber>01377 033697</phnumber>
			</phone>
		</phonelist>
                    <emaillist>
            <email>
                <emailtype>Personal</emailtype>
                <emailadd>lucy@gmail.com</emailadd>
            </email>
            <email>
                <emailtype>Work</emailtype>
                <emailadd>lucy@abertay.ac.uk</emailadd>
            </email>
        </emaillist>
	</contact>
    
    	<contact>
		<name>Stephanie</name>
		<phonelist>
			<phone>
				<phtype>Home</phtype>
				<phnumber>01377 056030</phnumber>
			</phone>
			<phone>
				<phtype>Mobile</phtype>
				<phnumber>01377 893365</phnumber>
			</phone>
		</phonelist>
                    <emaillist>
            <email>
                <emailtype>Personal</emailtype>
                <emailadd>steph@gmail.com</emailadd>
            </email>
            <email>
                <emailtype>Work</emailtype>
                <emailadd>steph@abertay.ac.uk</emailadd>
            </email>
        </emaillist>
	</contact>
    
    	<contact>
		<name>James</name>
		<phonelist>
			<phone>
				<phtype>Home</phtype>
				<phnumber>01377 432086</phnumber>
			</phone>
			<phone>
				<phtype>Mobile</phtype>
				<phnumber>01377 568934</phnumber>
			</phone>
		</phonelist>  
                                <emaillist>
            <email>
                <emailtype>Personal</emailtype>
                <emailadd>james@gmail.com</emailadd>
            </email>
            <email>
                <emailtype>Work</emailtype>
                <emailadd>james@abertay.ac.uk</emailadd>
            </email>
        </emaillist>
	</contact>
    
    	<contact>
		<name>Ashley</name>
		<phonelist>
			<phone>
				<phtype>Home</phtype>
				<phnumber>01377 031940</phnumber>
			</phone>
			<phone>
				<phtype>Mobile</phtype>
				<phnumber>01377 200301</phnumber>
			</phone>
		</phonelist>  
                                <emaillist>
            <email>
                <emailtype>Personal</emailtype>
                <emailadd>ashley@gmail.com</emailadd>
            </email>
            <email>
                <emailtype>Work</emailtype>
                <emailadd>ashley@abertay.ac.uk</emailadd>
            </email>
        </emaillist>
	</contact>
    
    	<contact>
		<name>Lyndsay</name>
		<phonelist>
			<phone>
				<phtype>Home</phtype>
				<phnumber>01377 770607</phnumber>
			</phone>
			<phone>
				<phtype>Mobile</phtype>
				<phnumber>01377 254688</phnumber>
			</phone>
		</phonelist> 
                                <emaillist>
            <email>
                <emailtype>Personal</emailtype>
                <emailadd>lyndsay@gmail.com</emailadd>
            </email>
            <email>
                <emailtype>Work</emailtype>
                <emailadd>lyndsay@abertay.ac.uk</emailadd>
            </email>
        </emaillist>
	</contact>
    
    	<contact>
		<name>Casey</name>
		<phonelist>
			<phone>
				<phtype>Home</phtype>
				<phnumber>01377 288408</phnumber>
			</phone>
			<phone>
				<phtype>Mobile</phtype>
				<phnumber>01377 980020</phnumber>
			</phone>
		</phonelist> 
                                <emaillist>
            <email>
                <emailtype>Personal</emailtype>
                <emailadd>casey@gmail.com</emailadd>
            </email>
            <email>
                <emailtype>Work</emailtype>
                <emailadd>casey@abertay.ac.uk</emailadd>
            </email>
        </emaillist>
	</contact>
    
    	<contact>
		<name>Lily</name>
		<phonelist>
			<phone>
				<phtype>Home</phtype>
				<phnumber>01377 073289</phnumber>
			</phone>
			<phone>
				<phtype>Hobile</phtype>
				<phnumber>01377 206615</phnumber>
			</phone>
		</phonelist>
                                <emaillist>
            <email>
                <emailtype>Personal</emailtype>
                <emailadd>lily@gmail.com</emailadd>
            </email>
            <email>
                <emailtype>Work</emailtype>
                <emailadd>lily@abertay.ac.uk</emailadd>
            </email>
        </emaillist>
	</contact>
    
    	<contact>
		<name>Fraser</name>
		<phonelist>
			<phone>
				<phtype>Home</phtype>
				<phnumber>01377 851717</phnumber>
			</phone>
			<phone>
				<phtype>Mobile</phtype>
				<phnumber>01377 445166</phnumber>
			</phone>
		</phonelist> 
                                <emaillist>
            <email>
                <emailtype>Personal</emailtype>
                <emailadd>fraser@gmail.com</emailadd>
            </email>
            <email>
                <emailtype>Work</emailtype>
                <emailadd>fraser@abertay.ac.uk</emailadd>
            </email>
        </emaillist>
	</contact>
</contactlist>

